{
    "0":{"x":5.7274513,"y":1.582512},
    "1":{"x":3.4612598,"y":1.9662445},
    "2":{"x":3.475,"y":1.032},
    "3":{"x":4.805,"y":1.776},
    "4":{"x":4.150,"y":0.302},
    "5":{"x":4.088,"y":2.184}
}
