{
    "0":{"x":5.7274513,"y":1.582512}
}
