{
    "0":{"x":5.7274513,"y":1.582512},
    "1":{"x":3.4612598,"y":1.9662445}
}
